{
  "avg_final_acc": 0.8366,
  "avg_forgetting": 0.094,
  "bwt": -0.094,
  "fwt": 0.133875,
  "total_replay_samples": 32469,
  "wall_clock_seconds": 155.6089267730713,
  "acc_matrix": [
    [
      0.9505
    ],
    [
      0.9185,
      0.823
    ],
    [
      0.8885,
      0.7605,
      0.886
    ],
    [
      0.8045,
      0.6705,
      0.7485,
      0.9465
    ],
    [
      0.8565,
      0.6995,
      0.7735,
      0.9005,
      0.953
    ]
  ],
  "r_t_history": [
    0.3,
    0.3,
    0.3,
    0.15622409871120396,
    0.3
  ],
  "mv_proxy_history": [
    0.08499999999999996,
    0.07499999999999996,
    0.06000000000000005,
    0.14,
    0.10499999999999998,
    0.16000000000000003,
    0.275,
    0.24,
    0.28,
    0.18999999999999995,
    0.17000000000000004,
    0.15000000000000002
  ],
  "dife_params_history": [],
  "pre_task_acc": [
    0.596,
    0.6745,
    0.499,
    0.766
  ],
  "canonical_config": {
    "bench": "split_cifar",
    "r_max": 0.3,
    "epochs_per_task": 3,
    "seed": 1,
    "method": "MV_only",
    "beta_min": 0.1,
    "code_branch": "canonical/beta-bound-rerun"
  }
}