{
  "avg_final_acc": 0.8436,
  "avg_forgetting": 0.08962500000000001,
  "bwt": -0.08962500000000001,
  "fwt": 0.14625,
  "total_replay_samples": 36024,
  "wall_clock_seconds": 130.57935094833374,
  "acc_matrix": [
    [
      0.9475
    ],
    [
      0.914,
      0.833
    ],
    [
      0.8925,
      0.751,
      0.8935
    ],
    [
      0.868,
      0.6665,
      0.7485,
      0.9485
    ],
    [
      0.852,
      0.73,
      0.7945,
      0.8875,
      0.954
    ]
  ],
  "r_t_history": [
    0.3,
    0.3,
    0.3,
    0.3,
    0.3
  ],
  "mv_proxy_history": [
    0.16000000000000003,
    0.07499999999999996,
    0.050000000000000044,
    0.15500000000000003,
    0.16500000000000004,
    0.18999999999999995,
    0.30000000000000004,
    0.22999999999999998,
    0.15000000000000002,
    0.18000000000000005,
    0.15500000000000003,
    0.14500000000000002
  ],
  "dife_params_history": [],
  "pre_task_acc": [
    0.625,
    0.688,
    0.4945,
    0.7775
  ]
}