{
  "avg_final_acc": 0.76526,
  "avg_forgetting": 0.2627,
  "bwt": -0.2627,
  "fwt": 0.002949999999999991,
  "total_replay_samples": 0,
  "wall_clock_seconds": 30.251126766204834,
  "acc_matrix": [
    [
      0.9755
    ],
    [
      0.8453,
      0.9748
    ],
    [
      0.6794,
      0.7722,
      0.9778
    ],
    [
      0.624,
      0.6897,
      0.941,
      0.9728
    ],
    [
      0.4385,
      0.6853,
      0.8336,
      0.8927,
      0.9762
    ]
  ],
  "r_t_history": [
    0.0,
    0.0,
    0.0,
    0.0,
    0.0
  ],
  "mv_proxy_history": [],
  "dife_params_history": [],
  "pre_task_acc": [
    0.1301,
    0.092,
    0.0996,
    0.0901
  ]
}