{
  "avg_final_acc": 0.79272,
  "avg_forgetting": 0.23185000000000003,
  "bwt": -0.23185000000000003,
  "fwt": 0.010349999999999995,
  "total_replay_samples": 0,
  "wall_clock_seconds": 22.68154501914978,
  "acc_matrix": [
    [
      0.9787
    ],
    [
      0.8801,
      0.9786
    ],
    [
      0.7714,
      0.8842,
      0.9777
    ],
    [
      0.6798,
      0.8089,
      0.8903,
      0.9787
    ],
    [
      0.5593,
      0.7162,
      0.7853,
      0.9255,
      0.9773
    ]
  ],
  "r_t_history": [
    0.0,
    0.0,
    0.0,
    0.0,
    0.0
  ],
  "mv_proxy_history": [],
  "dife_params_history": [],
  "pre_task_acc": [
    0.0974,
    0.1048,
    0.1429,
    0.0963
  ]
}