{
  "dataset": "Permuted-MNIST",
  "n_tasks": 5,
  "epochs_per_task": 5,
  "metrics": {
    "FT": {
      "avg_final_acc": 0.75406,
      "avg_forgetting": 0.27804999999999996,
      "bwt": -0.27804999999999996
    },
    "EWC": {
      "avg_final_acc": 0.7569,
      "avg_forgetting": 0.274,
      "bwt": -0.274
    },
    "SI": {
      "avg_final_acc": 0.7229,
      "avg_forgetting": 0.31667500000000004,
      "bwt": -0.31667500000000004
    }
  },
  "dife_fit": {
    "alpha": 0.8710921431675701,
    "beta": 2.8949900598540523e-05,
    "rmse": 0.04528723914466719
  },
  "dife_fit_ewc": {
    "alpha": 0.9583488674760792,
    "beta": 0.619156251430552,
    "rmse": 0.032139323777618155
  },
  "dife_fit_si": {
    "alpha": 0.9079981772499411,
    "beta": 0.1925731731417872,
    "rmse": 0.029617858404918894
  },
  "acc_matrices": {
    "FT": [
      [
        0.9783
      ],
      [
        0.8329,
        0.9768
      ],
      [
        0.8172,
        0.818,
        0.9766
      ],
      [
        0.6325,
        0.767,
        0.8136,
        0.9765
      ],
      [
        0.5615,
        0.6559,
        0.6603,
        0.9183,
        0.9743
      ]
    ],
    "EWC": [
      [
        0.9755
      ],
      [
        0.8833,
        0.9765
      ],
      [
        0.8367,
        0.8443,
        0.9776
      ],
      [
        0.6185,
        0.7858,
        0.9179,
        0.9762
      ],
      [
        0.4121,
        0.6872,
        0.8047,
        0.9058,
        0.9747
      ]
    ],
    "SI": [
      [
        0.9759
      ],
      [
        0.9045,
        0.9759
      ],
      [
        0.7535,
        0.8656,
        0.977
      ],
      [
        0.558,
        0.7411,
        0.8263,
        0.9766
      ],
      [
        0.4225,
        0.6097,
        0.6933,
        0.9132,
        0.9758
      ]
    ]
  },
  "figures": [
    "results/mnist/seq-mnist_forgetting_curves.png",
    "results/mnist/seq-mnist_comparison.png",
    "results/mnist/seq-mnist_heatmap.png"
  ]
}