{
  "avg_final_acc": 0.8336,
  "avg_forgetting": 0.08887500000000001,
  "bwt": -0.08887500000000001,
  "fwt": 0.131375,
  "total_replay_samples": 36024,
  "wall_clock_seconds": 105.5663571357727,
  "acc_matrix": [
    [
      0.9365
    ],
    [
      0.8905,
      0.808
    ],
    [
      0.894,
      0.76,
      0.893
    ],
    [
      0.843,
      0.6705,
      0.742,
      0.9395
    ],
    [
      0.8575,
      0.7115,
      0.7765,
      0.876,
      0.9465
    ]
  ],
  "r_t_history": [
    0.3,
    0.3,
    0.3,
    0.3,
    0.3
  ],
  "mv_proxy_history": [],
  "dife_params_history": [],
  "pre_task_acc": [
    0.5685,
    0.6705,
    0.49,
    0.7965
  ]
}