{
  "avg_final_acc": 0.9618,
  "avg_forgetting": 0.01755000000000001,
  "bwt": -0.01755000000000001,
  "fwt": -0.005450000000000007,
  "total_replay_samples": 254975,
  "wall_clock_seconds": 37.49395966529846,
  "acc_matrix": [
    [
      0.9755
    ],
    [
      0.9712,
      0.9759
    ],
    [
      0.9637,
      0.9673,
      0.9738
    ],
    [
      0.9592,
      0.958,
      0.9677,
      0.9766
    ],
    [
      0.9473,
      0.9549,
      0.9575,
      0.9719,
      0.9774
    ]
  ],
  "r_t_history": [
    0.33291683167171027,
    0.20339826584430848,
    0.3428731117123112,
    0.07425080716868065,
    0.2322067495985089
  ],
  "mv_proxy_history": [],
  "dife_params_history": [],
  "pre_task_acc": [
    0.1301,
    0.0936,
    0.0738,
    0.0807
  ]
}