{
  "avg_final_acc": 0.8275,
  "avg_forgetting": 0.10099999999999998,
  "bwt": -0.10099999999999998,
  "fwt": 0.131,
  "total_replay_samples": 36024,
  "wall_clock_seconds": 84.42983865737915,
  "acc_matrix": [
    [
      0.9455
    ],
    [
      0.911,
      0.8235
    ],
    [
      0.9175,
      0.761,
      0.8915
    ],
    [
      0.8215,
      0.6755,
      0.709,
      0.944
    ],
    [
      0.859,
      0.7225,
      0.7845,
      0.8345,
      0.937
    ]
  ],
  "r_t_history": [
    0.3,
    0.3,
    0.3,
    0.3,
    0.3
  ],
  "mv_proxy_history": [],
  "dife_params_history": [],
  "pre_task_acc": [
    0.6155,
    0.69,
    0.4845,
    0.734
  ],
  "replay_per_task": [
    0,
    9006,
    9006,
    9006,
    9006
  ]
}