{
  "avg_final_acc": 0.8155999999999999,
  "avg_forgetting": 0.11487499999999998,
  "bwt": -0.11487499999999998,
  "fwt": 0.14587499999999998,
  "total_replay_samples": 36024,
  "wall_clock_seconds": 130.86922144889832,
  "acc_matrix": [
    [
      0.945
    ],
    [
      0.901,
      0.815
    ],
    [
      0.909,
      0.7475,
      0.9005
    ],
    [
      0.8495,
      0.6745,
      0.739,
      0.946
    ],
    [
      0.846,
      0.734,
      0.736,
      0.831,
      0.931
    ]
  ],
  "r_t_history": [
    0.3,
    0.3,
    0.3,
    0.3,
    0.3
  ],
  "mv_proxy_history": [],
  "dife_params_history": [],
  "pre_task_acc": [
    0.6265,
    0.6885,
    0.489,
    0.7795
  ]
}