{
  "avg_final_acc": 0.8368,
  "avg_forgetting": 0.09575,
  "bwt": -0.09575,
  "fwt": 0.132,
  "total_replay_samples": 34365,
  "wall_clock_seconds": 145.03898119926453,
  "acc_matrix": [
    [
      0.9495
    ],
    [
      0.918,
      0.822
    ],
    [
      0.9035,
      0.7515,
      0.8965
    ],
    [
      0.8435,
      0.7105,
      0.747,
      0.9475
    ],
    [
      0.865,
      0.708,
      0.783,
      0.8765,
      0.9515
    ]
  ],
  "r_t_history": [
    0.3,
    0.3,
    0.3,
    0.3,
    0.22997973939033742
  ],
  "mv_proxy_history": [
    0.10999999999999999,
    0.09499999999999997,
    0.06000000000000005,
    0.14500000000000002,
    0.22499999999999998,
    0.11499999999999999,
    0.18500000000000005,
    0.21999999999999997,
    0.19999999999999996,
    0.18999999999999995,
    0.16500000000000004,
    0.07999999999999996
  ],
  "dife_params_history": [],
  "pre_task_acc": [
    0.597,
    0.684,
    0.5105,
    0.7365
  ],
  "canonical_config": {
    "bench": "split_cifar",
    "r_max": 0.3,
    "epochs_per_task": 3,
    "seed": 4,
    "method": "MV_only",
    "beta_min": 0.1,
    "code_branch": "canonical/beta-bound-rerun"
  }
}