{
  "avg_final_acc": 0.7066399999999999,
  "avg_forgetting": 0.33625,
  "bwt": -0.33625,
  "fwt": 0.017974999999999994,
  "total_replay_samples": 0,
  "wall_clock_seconds": 28.822100162506104,
  "acc_matrix": [
    [
      0.9773
    ],
    [
      0.9053,
      0.9732
    ],
    [
      0.704,
      0.8018,
      0.9768
    ],
    [
      0.5807,
      0.6529,
      0.8894,
      0.9754
    ],
    [
      0.4466,
      0.4497,
      0.7743,
      0.8871,
      0.9755
    ]
  ],
  "r_t_history": [
    0.0,
    0.0,
    0.0,
    0.0,
    0.0
  ],
  "mv_proxy_history": [],
  "dife_params_history": [],
  "pre_task_acc": [
    0.0958,
    0.126,
    0.1218,
    0.1283
  ]
}