{
  "avg_final_acc": 0.7111000000000001,
  "avg_forgetting": 0.25825000000000004,
  "bwt": -0.25825000000000004,
  "fwt": 0.10587500000000002,
  "total_replay_samples": 0,
  "wall_clock_seconds": 68.77729725837708,
  "acc_matrix": [
    [
      0.9455
    ],
    [
      0.7005,
      0.837
    ],
    [
      0.6545,
      0.7,
      0.896
    ],
    [
      0.4355,
      0.53,
      0.6305,
      0.9615
    ],
    [
      0.7785,
      0.611,
      0.576,
      0.6415,
      0.9485
    ]
  ],
  "r_t_history": [
    0.0,
    0.0,
    0.0,
    0.0,
    0.0
  ],
  "mv_proxy_history": [],
  "dife_params_history": [],
  "pre_task_acc": [
    0.6155,
    0.6965,
    0.53,
    0.5815
  ],
  "canonical_config": {
    "bench": "split_cifar",
    "r_max": 0.3,
    "epochs_per_task": 3,
    "seed": 3,
    "method": "FT",
    "beta_min": 0.05,
    "code_branch": "canonical/beta-bound-rerun"
  }
}