{
  "avg_final_acc": 0.8288,
  "avg_forgetting": 0.09525,
  "bwt": -0.09525,
  "fwt": 0.12137499999999998,
  "total_replay_samples": 36024,
  "wall_clock_seconds": 127.8582513332367,
  "acc_matrix": [
    [
      0.937
    ],
    [
      0.9135,
      0.8085
    ],
    [
      0.8975,
      0.7335,
      0.9
    ],
    [
      0.8045,
      0.692,
      0.7525,
      0.9345
    ],
    [
      0.8555,
      0.697,
      0.786,
      0.8605,
      0.945
    ]
  ],
  "r_t_history": [
    0.3,
    0.3,
    0.3,
    0.3,
    0.3
  ],
  "mv_proxy_history": [
    0.135,
    0.09499999999999997,
    0.015000000000000013,
    0.18000000000000005,
    0.15500000000000003,
    0.13,
    0.29500000000000004,
    0.25,
    0.20499999999999996,
    0.13,
    0.16500000000000004,
    0.135
  ],
  "dife_params_history": [],
  "pre_task_acc": [
    0.579,
    0.6795,
    0.512,
    0.715
  ]
}