{
  "avg_final_acc": 0.96014,
  "avg_forgetting": 0.019875000000000004,
  "bwt": -0.019875000000000004,
  "fwt": 0.008174999999999995,
  "total_replay_samples": 357200,
  "wall_clock_seconds": 35.64365267753601,
  "acc_matrix": [
    [
      0.9737
    ],
    [
      0.9707,
      0.9764
    ],
    [
      0.964,
      0.9709,
      0.9783
    ],
    [
      0.9581,
      0.9588,
      0.9642,
      0.9759
    ],
    [
      0.9444,
      0.9495,
      0.9597,
      0.9712,
      0.9759
    ]
  ],
  "r_t_history": [
    0.3,
    0.3,
    0.3,
    0.3,
    0.3
  ],
  "mv_proxy_history": [],
  "dife_params_history": [],
  "pre_task_acc": [
    0.1051,
    0.0825,
    0.1082,
    0.1369
  ]
}