{
  "avg_final_acc": 0.89406,
  "avg_forgetting": 0.1016,
  "bwt": -0.1016,
  "fwt": -0.013250000000000001,
  "total_replay_samples": 722625,
  "wall_clock_seconds": 28.677024364471436,
  "acc_matrix": [
    [
      0.9763
    ],
    [
      0.972,
      0.9744
    ],
    [
      0.9624,
      0.9664,
      0.975
    ],
    [
      0.9619,
      0.9605,
      0.9666,
      0.974
    ],
    [
      0.8629,
      0.8349,
      0.8779,
      0.9176,
      0.977
    ]
  ],
  "r_t_history": [
    0.8117500000000001,
    0.8077012656683333,
    0.8035356827771531,
    0.7992552045287211,
    0.0
  ],
  "mv_proxy_history": [
    0.0,
    0.0,
    0.0,
    0.0,
    0.0,
    0.0,
    0.0,
    0.0,
    0.0,
    0.0,
    0.0,
    0.0,
    0.0,
    0.0,
    0.0,
    0.050000000000000044,
    0.06000000000000005,
    0.12,
    0.10999999999999999,
    0.10999999999999999
  ],
  "dife_params_history": [],
  "pre_task_acc": [
    0.0625,
    0.0792,
    0.1135,
    0.0918
  ]
}