{
  "avg_final_acc": 0.82584,
  "avg_forgetting": 0.18407500000000002,
  "bwt": -0.18407500000000002,
  "fwt": 0.011999999999999997,
  "total_replay_samples": 0,
  "wall_clock_seconds": 22.59135627746582,
  "acc_matrix": [
    [
      0.9723
    ],
    [
      0.8841,
      0.9717
    ],
    [
      0.8309,
      0.8751,
      0.9713
    ],
    [
      0.6762,
      0.7499,
      0.9184,
      0.9757
    ],
    [
      0.6699,
      0.6704,
      0.8837,
      0.9307,
      0.9745
    ]
  ],
  "r_t_history": [
    0.0,
    0.0,
    0.0,
    0.0,
    0.0
  ],
  "mv_proxy_history": [],
  "dife_params_history": [],
  "pre_task_acc": [
    0.1129,
    0.1038,
    0.112,
    0.1193
  ]
}