{
  "avg_final_acc": 0.8366200000000001,
  "avg_forgetting": 0.175725,
  "bwt": -0.175725,
  "fwt": -0.008100000000000007,
  "total_replay_samples": 722625,
  "wall_clock_seconds": 25.761480569839478,
  "acc_matrix": [
    [
      0.9775
    ],
    [
      0.9723,
      0.9781
    ],
    [
      0.9663,
      0.9722,
      0.9769
    ],
    [
      0.959,
      0.9631,
      0.9694,
      0.9776
    ],
    [
      0.8001,
      0.7739,
      0.7681,
      0.8651,
      0.9759
    ]
  ],
  "r_t_history": [
    0.8117500000000001,
    0.8077012656683333,
    0.8035356827771531,
    0.7992552045287211,
    0.0
  ],
  "mv_proxy_history": [
    0.0,
    0.0,
    0.0,
    0.0,
    0.0,
    0.0,
    0.0,
    0.0,
    0.0,
    0.0,
    0.0,
    0.0,
    0.0,
    0.0,
    0.0,
    0.21499999999999997,
    0.17000000000000004,
    0.14500000000000002,
    0.15000000000000002,
    0.16000000000000003
  ],
  "dife_params_history": [],
  "pre_task_acc": [
    0.0774,
    0.0911,
    0.0894,
    0.1097
  ]
}