{
  "avg_final_acc": 0.7204,
  "avg_forgetting": 0.3147749999999999,
  "bwt": -0.3147749999999999,
  "fwt": 0.009149999999999991,
  "total_replay_samples": 0,
  "wall_clock_seconds": 22.037175178527832,
  "acc_matrix": [
    [
      0.9701
    ],
    [
      0.813,
      0.9712
    ],
    [
      0.7362,
      0.9395,
      0.9721
    ],
    [
      0.5306,
      0.8221,
      0.9124,
      0.9752
    ],
    [
      0.332,
      0.6879,
      0.7449,
      0.8647,
      0.9725
    ]
  ],
  "r_t_history": [
    0.0,
    0.0,
    0.0,
    0.0,
    0.0
  ],
  "mv_proxy_history": [],
  "dife_params_history": [],
  "pre_task_acc": [
    0.0961,
    0.1299,
    0.1114,
    0.0992
  ]
}