{
  "avg_final_acc": 0.95832,
  "avg_forgetting": 0.021874999999999978,
  "bwt": -0.021874999999999978,
  "fwt": 9.999999999999593e-05,
  "total_replay_samples": 117500,
  "wall_clock_seconds": 23.650811910629272,
  "acc_matrix": [
    [
      0.9755
    ],
    [
      0.9694,
      0.9772
    ],
    [
      0.9633,
      0.9683,
      0.975
    ],
    [
      0.9581,
      0.9621,
      0.9651,
      0.9761
    ],
    [
      0.9391,
      0.9537,
      0.9533,
      0.9702,
      0.9753
    ]
  ],
  "r_t_history": [
    0.1,
    0.1,
    0.1,
    0.1,
    0.1
  ],
  "mv_proxy_history": [],
  "dife_params_history": [],
  "pre_task_acc": [
    0.1301,
    0.0952,
    0.0781,
    0.097
  ]
}