{
  "avg_final_acc": 0.7982,
  "avg_forgetting": 0.14337499999999997,
  "bwt": -0.14337499999999997,
  "fwt": 0.136125,
  "total_replay_samples": 11376,
  "wall_clock_seconds": 111.52437257766724,
  "acc_matrix": [
    [
      0.938
    ],
    [
      0.887,
      0.827
    ],
    [
      0.8555,
      0.7235,
      0.9015
    ],
    [
      0.713,
      0.6105,
      0.7025,
      0.9495
    ],
    [
      0.8405,
      0.701,
      0.703,
      0.798,
      0.9485
    ]
  ],
  "r_t_history": [
    0.1,
    0.1,
    0.1,
    0.1,
    0.1
  ],
  "mv_proxy_history": [],
  "dife_params_history": [],
  "pre_task_acc": [
    0.6215,
    0.699,
    0.5325,
    0.6915
  ]
}