{
  "avg_final_acc": 0.7948000000000001,
  "avg_forgetting": 0.15112499999999995,
  "bwt": -0.15112499999999995,
  "fwt": 0.115125,
  "total_replay_samples": 11376,
  "wall_clock_seconds": 112.57328915596008,
  "acc_matrix": [
    [
      0.95
    ],
    [
      0.851,
      0.83
    ],
    [
      0.847,
      0.73,
      0.8965
    ],
    [
      0.731,
      0.601,
      0.7065,
      0.952
    ],
    [
      0.856,
      0.6785,
      0.7295,
      0.76,
      0.95
    ]
  ],
  "r_t_history": [
    0.1,
    0.1,
    0.1,
    0.1,
    0.1
  ],
  "mv_proxy_history": [],
  "dife_params_history": [],
  "pre_task_acc": [
    0.562,
    0.6775,
    0.497,
    0.724
  ]
}