{
  "avg_final_acc": 0.8217000000000001,
  "avg_forgetting": 0.10887499999999994,
  "bwt": -0.10887499999999994,
  "fwt": 0.13599999999999998,
  "total_replay_samples": 36024,
  "wall_clock_seconds": 126.500479221344,
  "acc_matrix": [
    [
      0.9425
    ],
    [
      0.899,
      0.8075
    ],
    [
      0.895,
      0.771,
      0.8965
    ],
    [
      0.863,
      0.691,
      0.7355,
      0.945
    ],
    [
      0.8665,
      0.7135,
      0.7485,
      0.8275,
      0.9525
    ]
  ],
  "r_t_history": [
    0.3,
    0.3,
    0.3,
    0.3,
    0.3
  ],
  "mv_proxy_history": [],
  "dife_params_history": [],
  "pre_task_acc": [
    0.5755,
    0.695,
    0.497,
    0.7765
  ]
}