{
  "avg_final_acc": 0.96144,
  "avg_forgetting": 0.017924999999999996,
  "bwt": -0.017924999999999996,
  "fwt": 0.015224999999999992,
  "total_replay_samples": 357200,
  "wall_clock_seconds": 24.844274759292603,
  "acc_matrix": [
    [
      0.9751
    ],
    [
      0.9724,
      0.9762
    ],
    [
      0.9649,
      0.9682,
      0.9774
    ],
    [
      0.9511,
      0.9653,
      0.9678,
      0.9731
    ],
    [
      0.9476,
      0.9547,
      0.9569,
      0.9709,
      0.9771
    ]
  ],
  "r_t_history": [
    0.3,
    0.3,
    0.3,
    0.3,
    0.3
  ],
  "mv_proxy_history": [],
  "dife_params_history": [],
  "pre_task_acc": [
    0.1007,
    0.0969,
    0.1392,
    0.1241
  ]
}