{
  "avg_final_acc": 0.8353399999999999,
  "avg_forgetting": 0.17590000000000003,
  "bwt": -0.17590000000000003,
  "fwt": -0.004300000000000005,
  "total_replay_samples": 722625,
  "wall_clock_seconds": 42.32817816734314,
  "acc_matrix": [
    [
      0.9755
    ],
    [
      0.9708,
      0.975
    ],
    [
      0.9649,
      0.9677,
      0.9758
    ],
    [
      0.9604,
      0.9581,
      0.9666,
      0.9767
    ],
    [
      0.7847,
      0.7129,
      0.8004,
      0.9014,
      0.9773
    ]
  ],
  "r_t_history": [
    0.8117500000000001,
    0.8077012656683333,
    0.8035356827771531,
    0.7992552045287211,
    0.0
  ],
  "mv_proxy_history": [
    0.0,
    0.0,
    0.0,
    0.0,
    0.0,
    0.0,
    0.0,
    0.0,
    0.0,
    0.0,
    0.0,
    0.0,
    0.0,
    0.0,
    0.0,
    0.16500000000000004,
    0.14,
    0.17000000000000004,
    0.14500000000000002,
    0.16500000000000004
  ],
  "dife_params_history": [],
  "pre_task_acc": [
    0.1301,
    0.0964,
    0.0806,
    0.0757
  ]
}