{
  "avg_final_acc": 0.7966,
  "avg_forgetting": 0.14787500000000006,
  "bwt": -0.14787500000000006,
  "fwt": 0.12425,
  "total_replay_samples": 18960,
  "wall_clock_seconds": 202.38659381866455,
  "acc_matrix": [
    [
      0.9545
    ],
    [
      0.8605,
      0.8585
    ],
    [
      0.8615,
      0.729,
      0.8625
    ],
    [
      0.7445,
      0.624,
      0.7355,
      0.9565
    ],
    [
      0.837,
      0.698,
      0.733,
      0.7725,
      0.9425
    ]
  ],
  "r_t_history": [
    0.1,
    0.1,
    0.1,
    0.1,
    0.1
  ],
  "mv_proxy_history": [],
  "dife_params_history": [],
  "pre_task_acc": [
    0.6,
    0.671,
    0.519,
    0.707
  ]
}