{
  "avg_final_acc": 0.95956,
  "avg_forgetting": 0.02052499999999996,
  "bwt": -0.02052499999999996,
  "fwt": 0.018174999999999997,
  "total_replay_samples": 269075,
  "wall_clock_seconds": 24.314051866531372,
  "acc_matrix": [
    [
      0.9772
    ],
    [
      0.9704,
      0.9748
    ],
    [
      0.9621,
      0.9683,
      0.9752
    ],
    [
      0.9526,
      0.9617,
      0.9657,
      0.9756
    ],
    [
      0.9452,
      0.9497,
      0.9603,
      0.9655,
      0.9771
    ]
  ],
  "r_t_history": [
    0.20354648741007703,
    0.3351391088977806,
    0.09324788381589012,
    0.33459483414117314,
    0.14354943560314565
  ],
  "mv_proxy_history": [],
  "dife_params_history": [],
  "pre_task_acc": [
    0.1097,
    0.1084,
    0.1615,
    0.0931
  ]
}