{
  "avg_final_acc": 0.8221,
  "avg_forgetting": 0.10549999999999995,
  "bwt": -0.10549999999999995,
  "fwt": 0.1535,
  "total_replay_samples": 36024,
  "wall_clock_seconds": 96.40049600601196,
  "acc_matrix": [
    [
      0.943
    ],
    [
      0.908,
      0.8285
    ],
    [
      0.9025,
      0.766,
      0.8885
    ],
    [
      0.848,
      0.6905,
      0.7595,
      0.943
    ],
    [
      0.8565,
      0.7,
      0.794,
      0.8305,
      0.9295
    ]
  ],
  "r_t_history": [
    0.3,
    0.3,
    0.3,
    0.3,
    0.3
  ],
  "mv_proxy_history": [],
  "dife_params_history": [],
  "pre_task_acc": [
    0.607,
    0.717,
    0.511,
    0.779
  ],
  "replay_per_task": [
    0,
    9006,
    9006,
    9006,
    9006
  ]
}