{
  "avg_final_acc": 0.9587,
  "avg_forgetting": 0.015150000000000025,
  "bwt": -0.015150000000000025,
  "fwt": 0.006874999999999992,
  "total_replay_samples": 580215,
  "wall_clock_seconds": 27.833928108215332,
  "acc_matrix": [
    [
      0.9694
    ],
    [
      0.9666,
      0.9694
    ],
    [
      0.962,
      0.9604,
      0.972
    ],
    [
      0.9544,
      0.9567,
      0.9654,
      0.9728
    ],
    [
      0.9506,
      0.9477,
      0.9608,
      0.9639,
      0.9705
    ]
  ],
  "r_t_history": [
    0.8117500000000001,
    0.8093348448358008,
    0.806877454058031,
    0.8043780730365978,
    0.801837124018036
  ],
  "mv_proxy_history": [
    0.0,
    0.0,
    0.0,
    0.0,
    0.0,
    0.0,
    0.0,
    0.0,
    0.0,
    0.0,
    0.0,
    0.0
  ],
  "dife_params_history": [],
  "pre_task_acc": [
    0.0822,
    0.0995,
    0.1379,
    0.1079
  ]
}