{
  "avg_final_acc": 0.9594799999999999,
  "avg_forgetting": 0.015550000000000036,
  "bwt": -0.015550000000000036,
  "fwt": -0.008350000000000003,
  "total_replay_samples": 214320,
  "wall_clock_seconds": 27.240912914276123,
  "acc_matrix": [
    [
      0.9682
    ],
    [
      0.9669,
      0.9735
    ],
    [
      0.9568,
      0.9646,
      0.9715
    ],
    [
      0.9573,
      0.9604,
      0.9649,
      0.9716
    ],
    [
      0.9468,
      0.9527,
      0.9571,
      0.966,
      0.9748
    ]
  ],
  "r_t_history": [
    0.3,
    0.3,
    0.3,
    0.3,
    0.3
  ],
  "mv_proxy_history": [],
  "dife_params_history": [],
  "pre_task_acc": [
    0.0869,
    0.0998,
    0.0976,
    0.0823
  ]
}