{
  "avg_final_acc": 0.7762,
  "avg_forgetting": 0.24894999999999998,
  "bwt": -0.24894999999999998,
  "fwt": -0.0014000000000000054,
  "total_replay_samples": 0,
  "wall_clock_seconds": 41.16782307624817,
  "acc_matrix": [
    [
      0.9737
    ],
    [
      0.8905,
      0.9749
    ],
    [
      0.719,
      0.9235,
      0.9791
    ],
    [
      0.6811,
      0.7758,
      0.8301,
      0.9721
    ],
    [
      0.5654,
      0.6004,
      0.8073,
      0.9309,
      0.977
    ]
  ],
  "r_t_history": [
    0.0,
    0.0,
    0.0,
    0.0,
    0.0
  ],
  "mv_proxy_history": [],
  "dife_params_history": [],
  "pre_task_acc": [
    0.1051,
    0.1007,
    0.0896,
    0.099
  ]
}