{
  "avg_final_acc": 0.9602,
  "avg_forgetting": 0.017325000000000007,
  "bwt": -0.017325000000000007,
  "fwt": 0.008024999999999994,
  "total_replay_samples": 117500,
  "wall_clock_seconds": 34.306111574172974,
  "acc_matrix": [
    [
      0.9737
    ],
    [
      0.9691,
      0.9746
    ],
    [
      0.9616,
      0.9692,
      0.973
    ],
    [
      0.9562,
      0.9603,
      0.9679,
      0.9745
    ],
    [
      0.9441,
      0.9517,
      0.963,
      0.9677,
      0.9745
    ]
  ],
  "r_t_history": [
    0.1,
    0.1,
    0.1,
    0.1,
    0.1
  ],
  "mv_proxy_history": [],
  "dife_params_history": [],
  "pre_task_acc": [
    0.1051,
    0.0929,
    0.1168,
    0.1173
  ]
}