{
  "avg_final_acc": 0.76278,
  "avg_forgetting": 0.2662,
  "bwt": -0.2662,
  "fwt": 0.003924999999999991,
  "total_replay_samples": 0,
  "wall_clock_seconds": 23.381287813186646,
  "acc_matrix": [
    [
      0.9755
    ],
    [
      0.853,
      0.9759
    ],
    [
      0.7081,
      0.771,
      0.976
    ],
    [
      0.6076,
      0.7292,
      0.9316,
      0.9737
    ],
    [
      0.4246,
      0.635,
      0.8579,
      0.9188,
      0.9776
    ]
  ],
  "r_t_history": [
    0.0,
    0.0,
    0.0,
    0.0,
    0.0
  ],
  "mv_proxy_history": [],
  "dife_params_history": [],
  "pre_task_acc": [
    0.1301,
    0.0934,
    0.0921,
    0.1001
  ]
}