{
  "avg_final_acc": 0.7783,
  "avg_forgetting": 0.16625,
  "bwt": -0.16625,
  "fwt": 0.11950000000000001,
  "total_replay_samples": 11376,
  "wall_clock_seconds": 75.22746396064758,
  "acc_matrix": [
    [
      0.9495
    ],
    [
      0.8175,
      0.809
    ],
    [
      0.8895,
      0.741,
      0.894
    ],
    [
      0.7035,
      0.6255,
      0.691,
      0.9615
    ],
    [
      0.8095,
      0.6245,
      0.7065,
      0.8085,
      0.9425
    ]
  ],
  "r_t_history": [
    0.1,
    0.1,
    0.1,
    0.1,
    0.1
  ],
  "mv_proxy_history": [],
  "dife_params_history": [],
  "pre_task_acc": [
    0.597,
    0.68,
    0.4865,
    0.7145
  ],
  "replay_per_task": [
    0,
    2844,
    2844,
    2844,
    2844
  ]
}