{
  "avg_final_acc": 0.8520200000000001,
  "avg_forgetting": 0.15339999999999998,
  "bwt": -0.15339999999999998,
  "fwt": 0.00032499999999999543,
  "total_replay_samples": 0,
  "wall_clock_seconds": 38.803427934646606,
  "acc_matrix": [
    [
      0.9737
    ],
    [
      0.8968,
      0.976
    ],
    [
      0.7795,
      0.875,
      0.9763
    ],
    [
      0.8078,
      0.8235,
      0.8478,
      0.9745
    ],
    [
      0.7476,
      0.8169,
      0.797,
      0.9254,
      0.9732
    ]
  ],
  "r_t_history": [
    0.0,
    0.0,
    0.0,
    0.0,
    0.0
  ],
  "mv_proxy_history": [],
  "dife_params_history": [],
  "pre_task_acc": [
    0.1051,
    0.0999,
    0.1024,
    0.0939
  ]
}