{
  "avg_final_acc": 0.8332999999999998,
  "avg_forgetting": 0.09287500000000001,
  "bwt": -0.09287500000000001,
  "fwt": 0.14825,
  "total_replay_samples": 36024,
  "wall_clock_seconds": 132.9872488975525,
  "acc_matrix": [
    [
      0.93
    ],
    [
      0.92,
      0.8235
    ],
    [
      0.9055,
      0.7615,
      0.8915
    ],
    [
      0.867,
      0.6855,
      0.767,
      0.9445
    ],
    [
      0.8875,
      0.684,
      0.7945,
      0.852,
      0.9485
    ]
  ],
  "r_t_history": [
    0.3,
    0.3,
    0.3,
    0.3,
    0.3
  ],
  "mv_proxy_history": [
    0.07499999999999996,
    0.125,
    0.06499999999999995,
    0.16500000000000004,
    0.135,
    0.14500000000000002,
    0.26,
    0.20499999999999996,
    0.21499999999999997,
    0.17500000000000004,
    0.19499999999999995,
    0.08499999999999996
  ],
  "dife_params_history": [],
  "pre_task_acc": [
    0.616,
    0.6775,
    0.536,
    0.7635
  ]
}