{
  "avg_final_acc": 0.8869199999999999,
  "avg_forgetting": 0.11292499999999997,
  "bwt": -0.11292499999999997,
  "fwt": 0.01287499999999999,
  "total_replay_samples": 722625,
  "wall_clock_seconds": 26.874037742614746,
  "acc_matrix": [
    [
      0.9768
    ],
    [
      0.9736,
      0.9762
    ],
    [
      0.9673,
      0.9698,
      0.9773
    ],
    [
      0.9591,
      0.9622,
      0.9697,
      0.9782
    ],
    [
      0.9132,
      0.7833,
      0.8982,
      0.8621,
      0.9778
    ]
  ],
  "r_t_history": [
    0.8117500000000001,
    0.8077012656683333,
    0.8035356827771531,
    0.7992552045287211,
    0.0
  ],
  "mv_proxy_history": [
    0.0,
    0.0,
    0.0,
    0.0,
    0.0,
    0.0,
    0.0,
    0.0,
    0.0,
    0.0,
    0.0,
    0.0,
    0.0,
    0.0,
    0.0,
    0.025000000000000022,
    0.07499999999999996,
    0.040000000000000036,
    0.08499999999999996,
    0.12
  ],
  "dife_params_history": [],
  "pre_task_acc": [
    0.0946,
    0.1084,
    0.1488,
    0.0997
  ]
}