{
  "avg_final_acc": 0.95726,
  "avg_forgetting": 0.02362499999999998,
  "bwt": -0.02362499999999998,
  "fwt": -0.009250000000000005,
  "total_replay_samples": 117500,
  "wall_clock_seconds": 22.96905016899109,
  "acc_matrix": [
    [
      0.9769
    ],
    [
      0.9696,
      0.977
    ],
    [
      0.962,
      0.9681,
      0.9749
    ],
    [
      0.9534,
      0.9587,
      0.9702,
      0.975
    ],
    [
      0.9374,
      0.9443,
      0.9607,
      0.9669,
      0.977
    ]
  ],
  "r_t_history": [
    0.1,
    0.1,
    0.1,
    0.1,
    0.1
  ],
  "mv_proxy_history": [],
  "dife_params_history": [],
  "pre_task_acc": [
    0.0774,
    0.0937,
    0.0976,
    0.0943
  ]
}