{
  "avg_final_acc": 0.8504000000000002,
  "avg_forgetting": 0.08274999999999999,
  "bwt": -0.08274999999999999,
  "fwt": 0.12475,
  "total_replay_samples": 60040,
  "wall_clock_seconds": 231.84804773330688,
  "acc_matrix": [
    [
      0.9545
    ],
    [
      0.921,
      0.847
    ],
    [
      0.919,
      0.765,
      0.894
    ],
    [
      0.8785,
      0.707,
      0.794,
      0.9425
    ],
    [
      0.88,
      0.7425,
      0.8155,
      0.869,
      0.945
    ]
  ],
  "r_t_history": [
    0.3,
    0.3,
    0.3,
    0.3,
    0.3
  ],
  "mv_proxy_history": [],
  "dife_params_history": [],
  "pre_task_acc": [
    0.6,
    0.683,
    0.473,
    0.743
  ]
}