{
  "avg_final_acc": 0.7796000000000001,
  "avg_forgetting": 0.245725,
  "bwt": -0.245725,
  "fwt": 0.006649999999999996,
  "total_replay_samples": 0,
  "wall_clock_seconds": 27.26223134994507,
  "acc_matrix": [
    [
      0.9768
    ],
    [
      0.829,
      0.9745
    ],
    [
      0.7319,
      0.9068,
      0.9784
    ],
    [
      0.6114,
      0.8276,
      0.918,
      0.9759
    ],
    [
      0.5677,
      0.6186,
      0.8393,
      0.8971,
      0.9753
    ]
  ],
  "r_t_history": [
    0.0,
    0.0,
    0.0,
    0.0,
    0.0
  ],
  "mv_proxy_history": [],
  "dife_params_history": [],
  "pre_task_acc": [
    0.1052,
    0.1072,
    0.0829,
    0.1313
  ]
}