{
  "avg_final_acc": 0.9591799999999999,
  "avg_forgetting": 0.021850000000000036,
  "bwt": -0.021850000000000036,
  "fwt": -0.020400000000000005,
  "total_replay_samples": 219725,
  "wall_clock_seconds": 25.746888637542725,
  "acc_matrix": [
    [
      0.9736
    ],
    [
      0.9709,
      0.9777
    ],
    [
      0.9624,
      0.9722,
      0.9764
    ],
    [
      0.9479,
      0.9567,
      0.9686,
      0.9764
    ],
    [
      0.9327,
      0.9507,
      0.9626,
      0.9707,
      0.9792
    ]
  ],
  "r_t_history": [
    0.12848364027479492,
    0.139547343024237,
    0.29426772217828406,
    0.07757478264052907,
    0.2300301577896962
  ],
  "mv_proxy_history": [],
  "dife_params_history": [],
  "pre_task_acc": [
    0.0537,
    0.0792,
    0.0917,
    0.0938
  ]
}