{
  "avg_final_acc": 0.819,
  "avg_forgetting": 0.11812500000000001,
  "bwt": -0.11812500000000001,
  "fwt": 0.136125,
  "total_replay_samples": 36024,
  "wall_clock_seconds": 87.42373180389404,
  "acc_matrix": [
    [
      0.9495
    ],
    [
      0.9015,
      0.8245
    ],
    [
      0.9095,
      0.742,
      0.895
    ],
    [
      0.8385,
      0.703,
      0.764,
      0.953
    ],
    [
      0.825,
      0.7005,
      0.7665,
      0.8575,
      0.9455
    ]
  ],
  "r_t_history": [
    0.3,
    0.3,
    0.3,
    0.3,
    0.3
  ],
  "mv_proxy_history": [],
  "dife_params_history": [],
  "pre_task_acc": [
    0.597,
    0.7115,
    0.476,
    0.76
  ],
  "replay_per_task": [
    0,
    9006,
    9006,
    9006,
    9006
  ]
}