{
  "avg_final_acc": 0.7288600000000001,
  "avg_forgetting": 0.30924999999999997,
  "bwt": -0.30924999999999997,
  "fwt": 0.0032249999999999918,
  "total_replay_samples": 0,
  "wall_clock_seconds": 22.225711345672607,
  "acc_matrix": [
    [
      0.9748
    ],
    [
      0.8816,
      0.9754
    ],
    [
      0.7453,
      0.9333,
      0.9768
    ],
    [
      0.4455,
      0.7357,
      0.9229,
      0.9782
    ],
    [
      0.3889,
      0.5848,
      0.7837,
      0.9108,
      0.9761
    ]
  ],
  "r_t_history": [
    0.0,
    0.0,
    0.0,
    0.0,
    0.0
  ],
  "mv_proxy_history": [],
  "dife_params_history": [],
  "pre_task_acc": [
    0.086,
    0.1128,
    0.0917,
    0.1224
  ]
}