{
  "avg_final_acc": 0.8209,
  "avg_forgetting": 0.11087499999999997,
  "bwt": -0.11087499999999997,
  "fwt": 0.15225000000000002,
  "total_replay_samples": 31521,
  "wall_clock_seconds": 105.52457523345947,
  "acc_matrix": [
    [
      0.9455
    ],
    [
      0.907,
      0.8215
    ],
    [
      0.872,
      0.7325,
      0.8775
    ],
    [
      0.815,
      0.6425,
      0.729,
      0.955
    ],
    [
      0.8225,
      0.6845,
      0.781,
      0.868,
      0.9485
    ]
  ],
  "r_t_history": [
    0.3,
    0.3,
    0.3,
    0.13546248827684781,
    0.3
  ],
  "mv_proxy_history": [
    0.08999999999999997,
    0.12,
    0.07499999999999996,
    0.15000000000000002,
    0.10499999999999998,
    0.13,
    0.355,
    0.33999999999999997,
    0.22999999999999998,
    0.18000000000000005,
    0.16500000000000004,
    0.17500000000000004
  ],
  "dife_params_history": [],
  "pre_task_acc": [
    0.6155,
    0.6705,
    0.537,
    0.786
  ],
  "canonical_config": {
    "bench": "split_cifar",
    "r_max": 0.3,
    "epochs_per_task": 3,
    "seed": 3,
    "method": "MV_only",
    "code_branch": "canonical/audit-rebuild"
  }
}