{
  "avg_final_acc": 0.7162,
  "avg_forgetting": 0.25687499999999996,
  "bwt": -0.25687499999999996,
  "fwt": 0.09375,
  "total_replay_samples": 0,
  "wall_clock_seconds": 72.64280223846436,
  "acc_matrix": [
    [
      0.9455
    ],
    [
      0.762,
      0.8375
    ],
    [
      0.655,
      0.664,
      0.9125
    ],
    [
      0.445,
      0.5065,
      0.634,
      0.9635
    ],
    [
      0.786,
      0.609,
      0.5885,
      0.648,
      0.9495
    ]
  ],
  "r_t_history": [
    0.0,
    0.0,
    0.0,
    0.0,
    0.0
  ],
  "mv_proxy_history": [],
  "dife_params_history": [],
  "pre_task_acc": [
    0.588,
    0.6795,
    0.539,
    0.5685
  ],
  "canonical_config": {
    "bench": "split_cifar",
    "r_max": 0.3,
    "epochs_per_task": 3,
    "seed": 2,
    "method": "FT",
    "beta_min": 0.05,
    "code_branch": "canonical/beta-bound-rerun"
  }
}