{
  "avg_final_acc": 0.7512000000000001,
  "avg_forgetting": 0.2814,
  "bwt": -0.2814,
  "fwt": -0.01810000000000001,
  "total_replay_samples": 0,
  "wall_clock_seconds": 23.058804988861084,
  "acc_matrix": [
    [
      0.9744
    ],
    [
      0.8233,
      0.976
    ],
    [
      0.6077,
      0.8322,
      0.9765
    ],
    [
      0.5079,
      0.8018,
      0.9353,
      0.9767
    ],
    [
      0.2823,
      0.6916,
      0.8499,
      0.9542,
      0.978
    ]
  ],
  "r_t_history": [
    0.0,
    0.0,
    0.0,
    0.0,
    0.0
  ],
  "mv_proxy_history": [],
  "dife_params_history": [],
  "pre_task_acc": [
    0.0713,
    0.0808,
    0.1088,
    0.0667
  ]
}