{
  "avg_final_acc": 0.7106999999999999,
  "avg_forgetting": 0.26812500000000006,
  "bwt": -0.26812500000000006,
  "fwt": 0.09262499999999999,
  "total_replay_samples": 0,
  "wall_clock_seconds": 164.46914720535278,
  "acc_matrix": [
    [
      0.9545
    ],
    [
      0.761,
      0.848
    ],
    [
      0.703,
      0.661,
      0.908
    ],
    [
      0.44,
      0.512,
      0.615,
      0.9595
    ],
    [
      0.754,
      0.59,
      0.5485,
      0.705,
      0.956
    ]
  ],
  "r_t_history": [
    0.0,
    0.0,
    0.0,
    0.0,
    0.0
  ],
  "mv_proxy_history": [],
  "dife_params_history": [],
  "pre_task_acc": [
    0.6,
    0.6435,
    0.5405,
    0.5865
  ]
}