{
  "avg_final_acc": 0.9570399999999999,
  "avg_forgetting": 0.023725000000000024,
  "bwt": -0.023725000000000024,
  "fwt": 0.014374999999999995,
  "total_replay_samples": 212675,
  "wall_clock_seconds": 36.70821213722229,
  "acc_matrix": [
    [
      0.9737
    ],
    [
      0.9706,
      0.9775
    ],
    [
      0.9635,
      0.9723,
      0.9752
    ],
    [
      0.9511,
      0.9603,
      0.9661,
      0.9774
    ],
    [
      0.9367,
      0.9478,
      0.957,
      0.9674,
      0.9763
    ]
  ],
  "r_t_history": [
    0.07569475014308731,
    0.12104315197882991,
    0.29038233956191906,
    0.2246486108193103,
    0.07823859267211976
  ],
  "mv_proxy_history": [],
  "dife_params_history": [],
  "pre_task_acc": [
    0.1051,
    0.082,
    0.1235,
    0.1469
  ]
}