{
  "avg_final_acc": 0.8281000000000001,
  "avg_forgetting": 0.09212499999999998,
  "bwt": -0.09212499999999998,
  "fwt": 0.120375,
  "total_replay_samples": 36024,
  "wall_clock_seconds": 133.2530927658081,
  "acc_matrix": [
    [
      0.9425
    ],
    [
      0.8895,
      0.81
    ],
    [
      0.9095,
      0.7595,
      0.8805
    ],
    [
      0.819,
      0.6825,
      0.725,
      0.938
    ],
    [
      0.8655,
      0.7,
      0.775,
      0.862,
      0.938
    ]
  ],
  "r_t_history": [
    0.3,
    0.3,
    0.3,
    0.3,
    0.3
  ],
  "mv_proxy_history": [],
  "dife_params_history": [],
  "pre_task_acc": [
    0.6015,
    0.6675,
    0.443,
    0.7695
  ]
}