{
  "avg_final_acc": 0.75424,
  "avg_forgetting": 0.276675,
  "bwt": -0.276675,
  "fwt": -0.011200000000000002,
  "total_replay_samples": 0,
  "wall_clock_seconds": 30.49174737930298,
  "acc_matrix": [
    [
      0.9744
    ],
    [
      0.8384,
      0.9755
    ],
    [
      0.6081,
      0.819,
      0.9754
    ],
    [
      0.4895,
      0.8016,
      0.9167,
      0.9768
    ],
    [
      0.2908,
      0.718,
      0.8433,
      0.9433,
      0.9758
    ]
  ],
  "r_t_history": [
    0.0,
    0.0,
    0.0,
    0.0,
    0.0
  ],
  "mv_proxy_history": [],
  "dife_params_history": [],
  "pre_task_acc": [
    0.0713,
    0.0777,
    0.1207,
    0.0855
  ]
}