{
  "avg_final_acc": 0.7006,
  "avg_forgetting": 0.26874999999999993,
  "bwt": -0.26874999999999993,
  "fwt": 0.09087500000000001,
  "total_replay_samples": 0,
  "wall_clock_seconds": 969.1947820186615,
  "acc_matrix": [
    [
      0.943
    ],
    [
      0.772,
      0.814
    ],
    [
      0.598,
      0.664,
      0.9
    ],
    [
      0.436,
      0.506,
      0.6125,
      0.97
    ],
    [
      0.7545,
      0.6145,
      0.549,
      0.634,
      0.951
    ]
  ],
  "r_t_history": [
    0.0,
    0.0,
    0.0,
    0.0,
    0.0
  ],
  "mv_proxy_history": [],
  "dife_params_history": [],
  "pre_task_acc": [
    0.607,
    0.664,
    0.5475,
    0.545
  ],
  "canonical_config": {
    "bench": "split_cifar",
    "r_max": 0.3,
    "epochs_per_task": 3,
    "seed": 0,
    "method": "FT",
    "beta_min": 0.1,
    "code_branch": "canonical/beta-bound-rerun"
  }
}