{
  "avg_final_acc": 0.8207000000000001,
  "avg_forgetting": 0.10562499999999994,
  "bwt": -0.10562499999999994,
  "fwt": 0.130375,
  "total_replay_samples": 33180,
  "wall_clock_seconds": 105.43029308319092,
  "acc_matrix": [
    [
      0.943
    ],
    [
      0.8735,
      0.819
    ],
    [
      0.916,
      0.7535,
      0.8885
    ],
    [
      0.865,
      0.6675,
      0.7555,
      0.95
    ],
    [
      0.8815,
      0.7455,
      0.762,
      0.789,
      0.9255
    ]
  ],
  "r_t_history": [
    0.3,
    0.3,
    0.3,
    0.1753007243994082,
    0.3
  ],
  "mv_proxy_history": [
    0.125,
    0.05500000000000005,
    0.125,
    0.14,
    0.125,
    0.09499999999999997,
    0.27,
    0.235,
    0.19999999999999996,
    0.17500000000000004,
    0.18000000000000005,
    0.125
  ],
  "dife_params_history": [],
  "pre_task_acc": [
    0.607,
    0.6545,
    0.476,
    0.784
  ],
  "canonical_config": {
    "bench": "split_cifar",
    "r_max": 0.3,
    "epochs_per_task": 3,
    "seed": 0,
    "method": "MV_only",
    "code_branch": "canonical/audit-rebuild"
  }
}