{
  "avg_final_acc": 0.9592599999999999,
  "avg_forgetting": 0.021050000000000013,
  "bwt": -0.021050000000000013,
  "fwt": 0.0013999999999999915,
  "total_replay_samples": 357200,
  "wall_clock_seconds": 38.622053146362305,
  "acc_matrix": [
    [
      0.9755
    ],
    [
      0.9719,
      0.9779
    ],
    [
      0.9616,
      0.9613,
      0.9745
    ],
    [
      0.9589,
      0.9594,
      0.9696,
      0.9769
    ],
    [
      0.9426,
      0.9507,
      0.9616,
      0.9657,
      0.9757
    ]
  ],
  "r_t_history": [
    0.3,
    0.3,
    0.3,
    0.3,
    0.3
  ],
  "mv_proxy_history": [],
  "dife_params_history": [],
  "pre_task_acc": [
    0.1301,
    0.0928,
    0.0909,
    0.0918
  ]
}