{
  "avg_final_acc": 0.7146,
  "avg_forgetting": 0.25125,
  "bwt": -0.25125,
  "fwt": 0.08862500000000001,
  "total_replay_samples": 0,
  "wall_clock_seconds": 189.61113810539246,
  "acc_matrix": [
    [
      0.929
    ],
    [
      0.611,
      0.8315
    ],
    [
      0.714,
      0.674,
      0.904
    ],
    [
      0.5225,
      0.5025,
      0.626,
      0.963
    ],
    [
      0.762,
      0.6235,
      0.6055,
      0.6315,
      0.9505
    ]
  ],
  "r_t_history": [
    0.0,
    0.0,
    0.0,
    0.0,
    0.0
  ],
  "mv_proxy_history": [],
  "dife_params_history": [],
  "pre_task_acc": [
    0.5465,
    0.6855,
    0.546,
    0.5765
  ]
}