{
  "avg_final_acc": 0.9589000000000001,
  "avg_forgetting": 0.01730000000000001,
  "bwt": -0.01730000000000001,
  "fwt": 0.002074999999999997,
  "total_replay_samples": 580215,
  "wall_clock_seconds": 27.755693197250366,
  "acc_matrix": [
    [
      0.9697
    ],
    [
      0.967,
      0.9722
    ],
    [
      0.9617,
      0.9661,
      0.9735
    ],
    [
      0.9595,
      0.9591,
      0.9644,
      0.9736
    ],
    [
      0.9551,
      0.9505,
      0.9524,
      0.9618,
      0.9747
    ]
  ],
  "r_t_history": [
    0.8117500000000001,
    0.8093348448358008,
    0.806877454058031,
    0.8043780730365978,
    0.801837124018036
  ],
  "mv_proxy_history": [
    0.0,
    0.0,
    0.0,
    0.0,
    0.0,
    0.0,
    0.0,
    0.0,
    0.0,
    0.0,
    0.0,
    0.0
  ],
  "dife_params_history": [],
  "pre_task_acc": [
    0.0863,
    0.1097,
    0.0974,
    0.1149
  ]
}