{
  "dataset": "Split-CIFAR-10",
  "n_tasks": 3,
  "task_names": [
    "airplane/auto",
    "bird/cat",
    "deer/dog"
  ],
  "epochs_per_task": 5,
  "metrics": {
    "FT": {
      "avg_final_acc": 0.7738333333333335,
      "avg_forgetting": 0.19975000000000004,
      "bwt": -0.19975000000000004
    },
    "EWC": {
      "avg_final_acc": 0.761,
      "avg_forgetting": 0.22049999999999997,
      "bwt": -0.22049999999999997
    },
    "SI": {
      "avg_final_acc": 0.7696666666666667,
      "avg_forgetting": 0.20049999999999996,
      "bwt": -0.20049999999999996
    }
  },
  "dife_fit_ft": {
    "alpha": 0.8352679478384671,
    "beta": 1.0000087051764694e-06,
    "rmse": 0.048449810339877525
  },
  "dife_fit_ewc": {
    "alpha": 0.8189657387457012,
    "beta": 1.000012650909099e-06,
    "rmse": 0.062493914244813945
  },
  "dife_fit_si": {
    "alpha": 0.8230118890478905,
    "beta": 1.000066199630112e-06,
    "rmse": 0.08348691512248946
  },
  "acc_matrices": {
    "FT": [
      [
        0.9595
      ],
      [
        0.736,
        0.8485
      ],
      [
        0.7185,
        0.69,
        0.913
      ]
    ],
    "EWC": [
      [
        0.943
      ],
      [
        0.699,
        0.8675
      ],
      [
        0.7005,
        0.669,
        0.9135
      ]
    ],
    "SI": [
      [
        0.954
      ],
      [
        0.671,
        0.846
      ],
      [
        0.7305,
        0.6685,
        0.91
      ]
    ]
  },
  "figures": [
    "results/cifar/split-cifar-10_forgetting_curves.png",
    "results/cifar/split-cifar-10_comparison.png",
    "results/cifar/split-cifar-10_heatmap.png"
  ]
}