{
  "avg_final_acc": 0.80292,
  "avg_forgetting": 0.2159,
  "bwt": -0.2159,
  "fwt": -0.021575000000000004,
  "total_replay_samples": 0,
  "wall_clock_seconds": 28.345025300979614,
  "acc_matrix": [
    [
      0.9758
    ],
    [
      0.9123,
      0.9757
    ],
    [
      0.7807,
      0.7863,
      0.9736
    ],
    [
      0.6291,
      0.7765,
      0.9232,
      0.9767
    ],
    [
      0.5264,
      0.6934,
      0.8902,
      0.9282,
      0.9764
    ]
  ],
  "r_t_history": [
    0.0,
    0.0,
    0.0,
    0.0,
    0.0
  ],
  "mv_proxy_history": [],
  "dife_params_history": [],
  "pre_task_acc": [
    0.057,
    0.0705,
    0.1136,
    0.0726
  ]
}