{
  "avg_final_acc": 0.7862,
  "avg_forgetting": 0.1545,
  "bwt": -0.1545,
  "fwt": 0.11725,
  "total_replay_samples": 11376,
  "wall_clock_seconds": 141.44259309768677,
  "acc_matrix": [
    [
      0.931
    ],
    [
      0.8395,
      0.822
    ],
    [
      0.848,
      0.717,
      0.8985
    ],
    [
      0.685,
      0.5755,
      0.641,
      0.945
    ],
    [
      0.832,
      0.676,
      0.705,
      0.7655,
      0.9525
    ]
  ],
  "r_t_history": [
    0.1,
    0.1,
    0.1,
    0.1,
    0.1
  ],
  "mv_proxy_history": [],
  "dife_params_history": [],
  "pre_task_acc": [
    0.553,
    0.7035,
    0.5145,
    0.698
  ]
}