{
  "avg_final_acc": 0.8311999999999999,
  "avg_forgetting": 0.0955,
  "bwt": -0.0955,
  "fwt": 0.14687499999999998,
  "total_replay_samples": 36024,
  "wall_clock_seconds": 128.4795823097229,
  "acc_matrix": [
    [
      0.9225
    ],
    [
      0.9045,
      0.8355
    ],
    [
      0.9165,
      0.7465,
      0.8855
    ],
    [
      0.8625,
      0.664,
      0.751,
      0.9445
    ],
    [
      0.854,
      0.7125,
      0.7795,
      0.86,
      0.95
    ]
  ],
  "r_t_history": [
    0.3,
    0.3,
    0.3,
    0.3,
    0.3
  ],
  "mv_proxy_history": [],
  "dife_params_history": [],
  "pre_task_acc": [
    0.643,
    0.705,
    0.478,
    0.7615
  ]
}