{
  "avg_final_acc": 0.95882,
  "avg_forgetting": 0.020800000000000013,
  "bwt": -0.020800000000000013,
  "fwt": -0.023325000000000002,
  "total_replay_samples": 357200,
  "wall_clock_seconds": 26.822810173034668,
  "acc_matrix": [
    [
      0.9745
    ],
    [
      0.9721,
      0.9772
    ],
    [
      0.968,
      0.9709,
      0.9763
    ],
    [
      0.9596,
      0.9648,
      0.9686,
      0.9737
    ],
    [
      0.9466,
      0.9519,
      0.955,
      0.965,
      0.9756
    ]
  ],
  "r_t_history": [
    0.3,
    0.3,
    0.3,
    0.3,
    0.3
  ],
  "mv_proxy_history": [],
  "dife_params_history": [],
  "pre_task_acc": [
    0.0589,
    0.0615,
    0.0975,
    0.0888
  ]
}