{
  "avg_final_acc": 0.9612,
  "avg_forgetting": 0.020074999999999982,
  "bwt": -0.020074999999999982,
  "fwt": 0.004399999999999994,
  "total_replay_samples": 117500,
  "wall_clock_seconds": 24.309099197387695,
  "acc_matrix": [
    [
      0.9771
    ],
    [
      0.9725,
      0.976
    ],
    [
      0.9619,
      0.9671,
      0.9779
    ],
    [
      0.9504,
      0.9639,
      0.9666,
      0.9785
    ],
    [
      0.9386,
      0.9562,
      0.9617,
      0.9727,
      0.9768
    ]
  ],
  "r_t_history": [
    0.1,
    0.1,
    0.1,
    0.1,
    0.1
  ],
  "mv_proxy_history": [],
  "dife_params_history": [],
  "pre_task_acc": [
    0.0866,
    0.0959,
    0.1287,
    0.1064
  ]
}