method,AA_mean,AA_std,AF_mean,AF_std,BWT_mean,BWT_std,FWT_mean,FWT_std,replay_budget_mean,replay_budget_std,efficiency
DIFE_only,0.7872999999999999,0.0,0.15862500000000002,0.0,-0.15862500000000002,0.0,0.127625,0.0,11376.0,0.0,0.0
DIFE_MV,0.7653000000000001,0.0,0.17737499999999998,0.0,-0.17737499999999998,0.0,0.10375000000000001,0.0,11376.0,0.0,0.0
