{
  "avg_final_acc": 0.8341,
  "avg_forgetting": 0.09675,
  "bwt": -0.09675,
  "fwt": 0.136125,
  "total_replay_samples": 36024,
  "wall_clock_seconds": 88.14102959632874,
  "acc_matrix": [
    [
      0.9455
    ],
    [
      0.9145,
      0.8355
    ],
    [
      0.906,
      0.743,
      0.8965
    ],
    [
      0.8515,
      0.693,
      0.727,
      0.933
    ],
    [
      0.848,
      0.7185,
      0.8075,
      0.8495,
      0.947
    ]
  ],
  "r_t_history": [
    0.3,
    0.3,
    0.3,
    0.3,
    0.3
  ],
  "mv_proxy_history": [],
  "dife_params_history": [],
  "pre_task_acc": [
    0.588,
    0.711,
    0.4795,
    0.766
  ],
  "replay_per_task": [
    0,
    9006,
    9006,
    9006,
    9006
  ]
}