{
  "avg_final_acc": 0.6889000000000001,
  "avg_forgetting": 0.28150000000000003,
  "bwt": -0.28150000000000003,
  "fwt": 0.09475,
  "total_replay_samples": 0,
  "wall_clock_seconds": 124.98035025596619,
  "acc_matrix": [
    [
      0.9505
    ],
    [
      0.634,
      0.8425
    ],
    [
      0.679,
      0.662,
      0.9005
    ],
    [
      0.508,
      0.518,
      0.5925,
      0.937
    ],
    [
      0.783,
      0.589,
      0.5295,
      0.603,
      0.94
    ]
  ],
  "r_t_history": [
    0.0,
    0.0,
    0.0,
    0.0,
    0.0
  ],
  "mv_proxy_history": [],
  "dife_params_history": [],
  "pre_task_acc": [
    0.596,
    0.6935,
    0.5295,
    0.56
  ]
}