{
  "avg_final_acc": 0.9581799999999999,
  "avg_forgetting": 0.017775000000000013,
  "bwt": -0.017775000000000013,
  "fwt": 0.00837499999999999,
  "total_replay_samples": 70500,
  "wall_clock_seconds": 25.477283239364624,
  "acc_matrix": [
    [
      0.968
    ],
    [
      0.9667,
      0.9733
    ],
    [
      0.9549,
      0.9681,
      0.9735
    ],
    [
      0.9549,
      0.9607,
      0.9662,
      0.9734
    ],
    [
      0.9443,
      0.9525,
      0.9547,
      0.9656,
      0.9738
    ]
  ],
  "r_t_history": [
    0.1,
    0.1,
    0.1,
    0.1,
    0.1
  ],
  "mv_proxy_history": [],
  "dife_params_history": [],
  "pre_task_acc": [
    0.0894,
    0.106,
    0.1209,
    0.1172
  ]
}