{
  "avg_final_acc": 0.8341,
  "avg_forgetting": 0.09250000000000003,
  "bwt": -0.09250000000000003,
  "fwt": 0.1295,
  "total_replay_samples": 36024,
  "wall_clock_seconds": 128.16129684448242,
  "acc_matrix": [
    [
      0.939
    ],
    [
      0.9005,
      0.8335
    ],
    [
      0.89,
      0.7475,
      0.872
    ],
    [
      0.8315,
      0.696,
      0.7375,
      0.9425
    ],
    [
      0.856,
      0.699,
      0.7865,
      0.8755,
      0.9535
    ]
  ],
  "r_t_history": [
    0.3,
    0.3,
    0.3,
    0.3,
    0.3
  ],
  "mv_proxy_history": [
    0.050000000000000044,
    0.09999999999999998,
    0.08999999999999997,
    0.125,
    0.125,
    0.11499999999999999,
    0.16000000000000003,
    0.21999999999999997,
    0.19499999999999995,
    0.22999999999999998,
    0.09499999999999997,
    0.10499999999999998
  ],
  "dife_params_history": [],
  "pre_task_acc": [
    0.6005,
    0.6735,
    0.5025,
    0.7415
  ]
}