{
  "avg_final_acc": 0.77412,
  "avg_forgetting": 0.25165,
  "bwt": -0.25165,
  "fwt": 0.006174999999999993,
  "total_replay_samples": 0,
  "wall_clock_seconds": 30.966496467590332,
  "acc_matrix": [
    [
      0.9737
    ],
    [
      0.8922,
      0.9737
    ],
    [
      0.7652,
      0.9467,
      0.9759
    ],
    [
      0.7038,
      0.7981,
      0.884,
      0.9762
    ],
    [
      0.5745,
      0.6266,
      0.7775,
      0.9143,
      0.9777
    ]
  ],
  "r_t_history": [
    0.0,
    0.0,
    0.0,
    0.0,
    0.0
  ],
  "mv_proxy_history": [],
  "dife_params_history": [],
  "pre_task_acc": [
    0.1051,
    0.0992,
    0.1069,
    0.1135
  ]
}