{
  "avg_final_acc": 0.9615600000000001,
  "avg_forgetting": 0.015825000000000006,
  "bwt": -0.015825000000000006,
  "fwt": 0.013424999999999996,
  "total_replay_samples": 214320,
  "wall_clock_seconds": 26.91381049156189,
  "acc_matrix": [
    [
      0.9717
    ],
    [
      0.9663,
      0.9744
    ],
    [
      0.9623,
      0.9676,
      0.9745
    ],
    [
      0.957,
      0.9635,
      0.9666,
      0.9763
    ],
    [
      0.9527,
      0.9522,
      0.9601,
      0.9686,
      0.9742
    ]
  ],
  "r_t_history": [
    0.3,
    0.3,
    0.3,
    0.3,
    0.3
  ],
  "mv_proxy_history": [],
  "dife_params_history": [],
  "pre_task_acc": [
    0.1094,
    0.0927,
    0.1554,
    0.0962
  ]
}