{
  "avg_final_acc": 0.96076,
  "avg_forgetting": 0.01485000000000003,
  "bwt": -0.01485000000000003,
  "fwt": -0.023950000000000003,
  "total_replay_samples": 70500,
  "wall_clock_seconds": 25.5944983959198,
  "acc_matrix": [
    [
      0.9677
    ],
    [
      0.9668,
      0.9734
    ],
    [
      0.9633,
      0.9642,
      0.9749
    ],
    [
      0.954,
      0.957,
      0.9679,
      0.9722
    ],
    [
      0.9468,
      0.95,
      0.965,
      0.967,
      0.975
    ]
  ],
  "r_t_history": [
    0.1,
    0.1,
    0.1,
    0.1,
    0.1
  ],
  "mv_proxy_history": [],
  "dife_params_history": [],
  "pre_task_acc": [
    0.0813,
    0.0622,
    0.0936,
    0.0671
  ]
}