{
  "avg_final_acc": 0.8414999999999999,
  "avg_forgetting": 0.08737499999999998,
  "bwt": -0.08737499999999998,
  "fwt": 0.1325,
  "total_replay_samples": 36024,
  "wall_clock_seconds": 143.7880175113678,
  "acc_matrix": [
    [
      0.9455
    ],
    [
      0.906,
      0.8155
    ],
    [
      0.9095,
      0.7755,
      0.9025
    ],
    [
      0.8365,
      0.6725,
      0.765,
      0.944
    ],
    [
      0.874,
      0.708,
      0.8035,
      0.8725,
      0.9495
    ]
  ],
  "r_t_history": [
    0.3,
    0.3,
    0.3,
    0.3,
    0.3
  ],
  "mv_proxy_history": [
    0.10499999999999998,
    0.08999999999999997,
    0.050000000000000044,
    0.09999999999999998,
    0.16500000000000004,
    0.06499999999999995,
    0.18500000000000005,
    0.15500000000000003,
    0.17000000000000004,
    0.13,
    0.10499999999999998,
    0.14
  ],
  "dife_params_history": [],
  "pre_task_acc": [
    0.588,
    0.6935,
    0.4745,
    0.774
  ],
  "canonical_config": {
    "bench": "split_cifar",
    "r_max": 0.3,
    "epochs_per_task": 3,
    "seed": 2,
    "method": "MV_only",
    "beta_min": 0.05,
    "code_branch": "canonical/beta-bound-rerun"
  }
}