{
  "avg_final_acc": 0.76736,
  "avg_forgetting": 0.2557,
  "bwt": -0.2557,
  "fwt": -0.010625000000000006,
  "total_replay_samples": 0,
  "wall_clock_seconds": 22.81289052963257,
  "acc_matrix": [
    [
      0.9697
    ],
    [
      0.8443,
      0.9699
    ],
    [
      0.6993,
      0.8963,
      0.9708
    ],
    [
      0.5873,
      0.8317,
      0.8885,
      0.9748
    ],
    [
      0.4108,
      0.7128,
      0.8263,
      0.9125,
      0.9744
    ]
  ],
  "r_t_history": [
    0.0,
    0.0,
    0.0,
    0.0,
    0.0
  ],
  "mv_proxy_history": [],
  "dife_params_history": [],
  "pre_task_acc": [
    0.0862,
    0.0895,
    0.098,
    0.0838
  ]
}