{
  "avg_final_acc": 0.8480000000000001,
  "avg_forgetting": 0.060124999999999984,
  "bwt": -0.060124999999999984,
  "fwt": 0.118875,
  "total_replay_samples": 97170,
  "wall_clock_seconds": 192.11790299415588,
  "acc_matrix": [
    [
      0.9425
    ],
    [
      0.9365,
      0.7855
    ],
    [
      0.927,
      0.782,
      0.8835
    ],
    [
      0.9145,
      0.74,
      0.7865,
      0.929
    ],
    [
      0.8795,
      0.7395,
      0.8095,
      0.8715,
      0.94
    ]
  ],
  "r_t_history": [
    0.8117500000000001,
    0.8093348448358008,
    0.806877454058031,
    0.8043780730365978,
    0.801837124018036
  ],
  "mv_proxy_history": [
    0.07499999999999996,
    0.06999999999999995,
    0.040000000000000036,
    0.09999999999999998,
    0.040000000000000036,
    0.050000000000000044,
    0.09999999999999998,
    0.08999999999999997,
    0.05500000000000005,
    0.04500000000000004,
    0.06000000000000005,
    0.020000000000000018
  ],
  "dife_params_history": [],
  "pre_task_acc": [
    0.6,
    0.664,
    0.452,
    0.7595
  ]
}