{
  "avg_final_acc": 0.7908000000000001,
  "avg_forgetting": 0.15587499999999999,
  "bwt": -0.15587499999999999,
  "fwt": 0.11262500000000002,
  "total_replay_samples": 11376,
  "wall_clock_seconds": 117.7182354927063,
  "acc_matrix": [
    [
      0.937
    ],
    [
      0.85,
      0.8305
    ],
    [
      0.87,
      0.7225,
      0.9055
    ],
    [
      0.722,
      0.6185,
      0.6475,
      0.948
    ],
    [
      0.8155,
      0.653,
      0.7175,
      0.8115,
      0.9565
    ]
  ],
  "r_t_history": [
    0.1,
    0.1,
    0.1,
    0.1,
    0.1
  ],
  "mv_proxy_history": [],
  "dife_params_history": [],
  "pre_task_acc": [
    0.617,
    0.6865,
    0.466,
    0.681
  ]
}