method,AA_mean,AA_std,AF_mean,AF_std,BWT_mean,BWT_std,FWT_mean,FWT_std,replay_budget_mean,replay_budget_std,efficiency
DIFE_only,0.8210666666666667,0.0007845734863959991,0.1125,0.0006692657668420478,-0.1125,0.0006692657668420478,0.14179166666666668,0.008887217724850047,23700.0,0.0,0.0
DIFE_MV,0.8133333333333334,0.024638226848176834,0.12333333333333334,0.03333140619429204,-0.12333333333333334,0.03333140619429204,0.13220833333333334,0.012554188101541611,23700.0,0.0,0.0
