{
  "avg_final_acc": 0.8365,
  "avg_forgetting": 0.10175000000000001,
  "bwt": -0.10175000000000001,
  "fwt": 0.14375,
  "total_replay_samples": 59250,
  "wall_clock_seconds": 232.5140299797058,
  "acc_matrix": [
    [
      0.9545
    ],
    [
      0.9095,
      0.8435
    ],
    [
      0.901,
      0.7655,
      0.9015
    ],
    [
      0.869,
      0.6905,
      0.763,
      0.9535
    ],
    [
      0.864,
      0.7485,
      0.7545,
      0.879,
      0.9365
    ]
  ],
  "r_t_history": [
    0.3,
    0.3,
    0.3,
    0.3,
    0.28655104608754733
  ],
  "mv_proxy_history": [
    0.04500000000000004,
    0.06999999999999995,
    0.04500000000000004,
    0.06999999999999995,
    0.030000000000000027,
    0.11499999999999999,
    0.10499999999999998,
    0.13,
    0.07499999999999996,
    0.08499999999999996,
    0.18999999999999995,
    0.20499999999999996,
    0.15500000000000003,
    0.08499999999999996,
    0.06000000000000005,
    0.11499999999999999,
    0.125,
    0.050000000000000044,
    0.04500000000000004,
    0.09499999999999997
  ],
  "dife_params_history": [],
  "pre_task_acc": [
    0.6,
    0.7065,
    0.5365,
    0.732
  ]
}