{
  "avg_final_acc": 0.95974,
  "avg_forgetting": 0.015674999999999994,
  "bwt": -0.015674999999999994,
  "fwt": 0.007549999999999994,
  "total_replay_samples": 70500,
  "wall_clock_seconds": 25.574031114578247,
  "acc_matrix": [
    [
      0.9696
    ],
    [
      0.9651,
      0.9711
    ],
    [
      0.9584,
      0.9678,
      0.9726
    ],
    [
      0.9515,
      0.9595,
      0.9682,
      0.9754
    ],
    [
      0.9439,
      0.9533,
      0.9624,
      0.9664,
      0.9727
    ]
  ],
  "r_t_history": [
    0.1,
    0.1,
    0.1,
    0.1,
    0.1
  ],
  "mv_proxy_history": [],
  "dife_params_history": [],
  "pre_task_acc": [
    0.0999,
    0.0738,
    0.1629,
    0.0936
  ]
}