{
  "avg_final_acc": 0.7776599999999999,
  "avg_forgetting": 0.24812500000000004,
  "bwt": -0.24812500000000004,
  "fwt": 0.009599999999999997,
  "total_replay_samples": 0,
  "wall_clock_seconds": 29.90398669242859,
  "acc_matrix": [
    [
      0.977
    ],
    [
      0.9285,
      0.9789
    ],
    [
      0.795,
      0.9144,
      0.9723
    ],
    [
      0.5567,
      0.8335,
      0.9026,
      0.9777
    ],
    [
      0.5078,
      0.7313,
      0.8019,
      0.8724,
      0.9749
    ]
  ],
  "r_t_history": [
    0.0,
    0.0,
    0.0,
    0.0,
    0.0
  ],
  "mv_proxy_history": [],
  "dife_params_history": [],
  "pre_task_acc": [
    0.0927,
    0.1108,
    0.137,
    0.0979
  ]
}