{
  "avg_final_acc": 0.8339000000000001,
  "avg_forgetting": 0.10112499999999999,
  "bwt": -0.10112499999999999,
  "fwt": 0.12537499999999996,
  "total_replay_samples": 36024,
  "wall_clock_seconds": 129.1714551448822,
  "acc_matrix": [
    [
      0.9455
    ],
    [
      0.904,
      0.8175
    ],
    [
      0.9145,
      0.7555,
      0.9075
    ],
    [
      0.8555,
      0.697,
      0.7825,
      0.9575
    ],
    [
      0.8535,
      0.72,
      0.777,
      0.873,
      0.946
    ]
  ],
  "r_t_history": [
    0.3,
    0.3,
    0.3,
    0.3,
    0.3
  ],
  "mv_proxy_history": [],
  "dife_params_history": [],
  "pre_task_acc": [
    0.588,
    0.6685,
    0.4815,
    0.7635
  ],
  "canonical_config": {
    "bench": "split_cifar",
    "r_max": 0.3,
    "epochs_per_task": 3,
    "seed": 2,
    "method": "ConstReplay_0.3",
    "beta_min": 0.1,
    "code_branch": "canonical/beta-bound-rerun"
  }
}