{
  "avg_final_acc": 0.9635,
  "avg_forgetting": 0.015824999999999978,
  "bwt": -0.015824999999999978,
  "fwt": 0.007624999999999993,
  "total_replay_samples": 160975,
  "wall_clock_seconds": 23.83945059776306,
  "acc_matrix": [
    [
      0.9762
    ],
    [
      0.971,
      0.9771
    ],
    [
      0.9668,
      0.9699,
      0.9763
    ],
    [
      0.9574,
      0.9602,
      0.968,
      0.9758
    ],
    [
      0.9516,
      0.9574,
      0.9619,
      0.9712,
      0.9754
    ]
  ],
  "r_t_history": [
    0.2410885061964363,
    0.1309360141291611,
    0.06229205718085841,
    0.05495829065855873,
    0.2939810717600817
  ],
  "mv_proxy_history": [],
  "dife_params_history": [],
  "pre_task_acc": [
    0.091,
    0.1119,
    0.1248,
    0.1028
  ]
}