{
  "avg_final_acc": 0.8850800000000001,
  "avg_forgetting": 0.11314999999999997,
  "bwt": -0.11314999999999997,
  "fwt": 0.007349999999999992,
  "total_replay_samples": 722625,
  "wall_clock_seconds": 28.543616771697998,
  "acc_matrix": [
    [
      0.9737
    ],
    [
      0.9714,
      0.976
    ],
    [
      0.9675,
      0.9702,
      0.9773
    ],
    [
      0.9575,
      0.9635,
      0.9662,
      0.9744
    ],
    [
      0.8978,
      0.8826,
      0.8706,
      0.7978,
      0.9766
    ]
  ],
  "r_t_history": [
    0.8117500000000001,
    0.8077012656683333,
    0.8035356827771531,
    0.7992552045287211,
    0.0
  ],
  "mv_proxy_history": [
    0.0,
    0.0,
    0.0,
    0.0,
    0.0,
    0.0,
    0.0,
    0.0,
    0.0,
    0.0,
    0.0,
    0.0,
    0.0,
    0.0,
    0.0,
    0.07499999999999996,
    0.10999999999999999,
    0.050000000000000044,
    0.11499999999999999,
    0.11499999999999999
  ],
  "dife_params_history": [],
  "pre_task_acc": [
    0.1051,
    0.0795,
    0.121,
    0.1238
  ]
}