{
  "avg_final_acc": 0.9579599999999999,
  "avg_forgetting": 0.023125000000000007,
  "bwt": -0.023125000000000007,
  "fwt": -0.020050000000000002,
  "total_replay_samples": 117500,
  "wall_clock_seconds": 25.661465406417847,
  "acc_matrix": [
    [
      0.9758
    ],
    [
      0.9725,
      0.977
    ],
    [
      0.9634,
      0.9688,
      0.9761
    ],
    [
      0.9577,
      0.9624,
      0.9675,
      0.9762
    ],
    [
      0.938,
      0.9501,
      0.9573,
      0.9672,
      0.9772
    ]
  ],
  "r_t_history": [
    0.1,
    0.1,
    0.1,
    0.1,
    0.1
  ],
  "mv_proxy_history": [],
  "dife_params_history": [],
  "pre_task_acc": [
    0.057,
    0.0697,
    0.1242,
    0.0689
  ]
}