{
  "avg_final_acc": 0.95792,
  "avg_forgetting": 0.022975000000000023,
  "bwt": -0.022975000000000023,
  "fwt": -0.0018500000000000079,
  "total_replay_samples": 357200,
  "wall_clock_seconds": 24.102208852767944,
  "acc_matrix": [
    [
      0.9755
    ],
    [
      0.9721,
      0.9777
    ],
    [
      0.9617,
      0.9657,
      0.9764
    ],
    [
      0.9544,
      0.9591,
      0.9699,
      0.9765
    ],
    [
      0.9429,
      0.9513,
      0.9575,
      0.9625,
      0.9754
    ]
  ],
  "r_t_history": [
    0.3,
    0.3,
    0.3,
    0.3,
    0.3
  ],
  "mv_proxy_history": [],
  "dife_params_history": [],
  "pre_task_acc": [
    0.0967,
    0.0935,
    0.1049,
    0.0975
  ]
}