{
  "avg_final_acc": 0.9608399999999999,
  "avg_forgetting": 0.011950000000000016,
  "bwt": -0.011950000000000016,
  "fwt": -0.014025000000000004,
  "total_replay_samples": 580215,
  "wall_clock_seconds": 27.357871532440186,
  "acc_matrix": [
    [
      0.9687
    ],
    [
      0.9685,
      0.9703
    ],
    [
      0.9613,
      0.9641,
      0.9703
    ],
    [
      0.9589,
      0.9579,
      0.9644,
      0.9741
    ],
    [
      0.9503,
      0.9532,
      0.962,
      0.9701,
      0.9686
    ]
  ],
  "r_t_history": [
    0.8117500000000001,
    0.8093348448358008,
    0.806877454058031,
    0.8043780730365978,
    0.801837124018036
  ],
  "mv_proxy_history": [
    0.0,
    0.0,
    0.0,
    0.0,
    0.0,
    0.0,
    0.0,
    0.0,
    0.0,
    0.0,
    0.0,
    0.0
  ],
  "dife_params_history": [],
  "pre_task_acc": [
    0.0718,
    0.0899,
    0.1237,
    0.0585
  ]
}