{
  "avg_final_acc": 0.7660600000000001,
  "avg_forgetting": 0.26260000000000006,
  "bwt": -0.26260000000000006,
  "fwt": 0.00029999999999999125,
  "total_replay_samples": 0,
  "wall_clock_seconds": 27.760481357574463,
  "acc_matrix": [
    [
      0.9755
    ],
    [
      0.8935,
      0.9775
    ],
    [
      0.7319,
      0.7616,
      0.9741
    ],
    [
      0.514,
      0.6911,
      0.9157,
      0.9765
    ],
    [
      0.4038,
      0.6841,
      0.8305,
      0.9348,
      0.9771
    ]
  ],
  "r_t_history": [
    0.0,
    0.0,
    0.0,
    0.0,
    0.0
  ],
  "mv_proxy_history": [],
  "dife_params_history": [],
  "pre_task_acc": [
    0.1301,
    0.0909,
    0.0764,
    0.1038
  ]
}