{
  "avg_final_acc": 0.8441000000000001,
  "avg_forgetting": 0.0615,
  "bwt": -0.057249999999999995,
  "fwt": 0.121125,
  "total_replay_samples": 97170,
  "wall_clock_seconds": 181.12408089637756,
  "acc_matrix": [
    [
      0.943
    ],
    [
      0.925,
      0.7725
    ],
    [
      0.9185,
      0.7895,
      0.869
    ],
    [
      0.89,
      0.6735,
      0.7705,
      0.92
    ],
    [
      0.904,
      0.739,
      0.7915,
      0.841,
      0.945
    ]
  ],
  "r_t_history": [
    0.8117500000000001,
    0.8093348448358008,
    0.806877454058031,
    0.8043780730365978,
    0.801837124018036
  ],
  "mv_proxy_history": [
    0.06000000000000005,
    0.050000000000000044,
    0.050000000000000044,
    0.10999999999999999,
    0.09999999999999998,
    0.07999999999999996,
    0.14500000000000002,
    0.15500000000000003,
    0.10999999999999999,
    0.09499999999999997,
    0.020000000000000018,
    0.025000000000000022
  ],
  "dife_params_history": [],
  "pre_task_acc": [
    0.607,
    0.6515,
    0.456,
    0.77
  ]
}