{
  "avg_final_acc": 0.8415000000000001,
  "avg_forgetting": 0.08924999999999997,
  "bwt": -0.08924999999999997,
  "fwt": 0.13624999999999998,
  "total_replay_samples": 36024,
  "wall_clock_seconds": 85.85610032081604,
  "acc_matrix": [
    [
      0.9505
    ],
    [
      0.898,
      0.8255
    ],
    [
      0.905,
      0.751,
      0.888
    ],
    [
      0.8535,
      0.6705,
      0.7465,
      0.952
    ],
    [
      0.872,
      0.7175,
      0.797,
      0.8725,
      0.9485
    ]
  ],
  "r_t_history": [
    0.3,
    0.3,
    0.3,
    0.3,
    0.3
  ],
  "mv_proxy_history": [],
  "dife_params_history": [],
  "pre_task_acc": [
    0.596,
    0.7015,
    0.478,
    0.7695
  ],
  "replay_per_task": [
    0,
    9006,
    9006,
    9006,
    9006
  ]
}