{
  "avg_final_acc": 0.96182,
  "avg_forgetting": 0.013050000000000006,
  "bwt": -0.013050000000000006,
  "fwt": -0.007350000000000006,
  "total_replay_samples": 214320,
  "wall_clock_seconds": 26.979413747787476,
  "acc_matrix": [
    [
      0.9684
    ],
    [
      0.9627,
      0.9731
    ],
    [
      0.958,
      0.9668,
      0.9744
    ],
    [
      0.9543,
      0.9637,
      0.9684,
      0.9735
    ],
    [
      0.9429,
      0.9612,
      0.9622,
      0.9709,
      0.9719
    ]
  ],
  "r_t_history": [
    0.3,
    0.3,
    0.3,
    0.3,
    0.3
  ],
  "mv_proxy_history": [],
  "dife_params_history": [],
  "pre_task_acc": [
    0.0902,
    0.0881,
    0.1065,
    0.0858
  ]
}