{
  "avg_final_acc": 0.8101200000000001,
  "avg_forgetting": 0.20897500000000002,
  "bwt": -0.20897500000000002,
  "fwt": 0.006624999999999992,
  "total_replay_samples": 0,
  "wall_clock_seconds": 29.145705461502075,
  "acc_matrix": [
    [
      0.9787
    ],
    [
      0.8847,
      0.9767
    ],
    [
      0.7943,
      0.865,
      0.9775
    ],
    [
      0.6863,
      0.7967,
      0.9463,
      0.9768
    ],
    [
      0.6485,
      0.6671,
      0.8461,
      0.9121,
      0.9768
    ]
  ],
  "r_t_history": [
    0.0,
    0.0,
    0.0,
    0.0,
    0.0
  ],
  "mv_proxy_history": [],
  "dife_params_history": [],
  "pre_task_acc": [
    0.0974,
    0.1175,
    0.1268,
    0.0848
  ]
}